jd,epoch,x_km,y_km,z_km,vx_km_s,vy_km_s,vz_km_s,distance_km
2460676.5,2025-01-01T00:00:00,1.0086497772230002e+16,-3.9515406729820696e+16,-2917696871594309.0,39226.15221468133,13626.255681633389,3330.2361369154028,4.088664526916914e+16
2460677.5,2025-01-02T00:00:00,1.0379067713732912e+16,-3.941272610811165e+16,-2892765671955356.0,39158.371962518104,13883.742303302917,3349.2695420278774,4.085897843940939e+16
2460678.5,2025-01-03T00:00:00,1.0671124038845624e+16,-3.930812401145289e+16,-2867692860858599.0,39088.54450865642,14141.050680194343,3368.17612068993,4.083166863962833e+16
2460679.5,2025-01-04T00:00:00,1.0962651455899414e+16,-3.920160184804784e+16,-2842479392415045.5,39016.66738198504,14398.16000067616,3386.953902795156,4.0804717907280104e+16
2460680.5,2025-01-05T00:00:00,1.1253634655781798e+16,-3.909316118184724e+16,-2817126235422376.0,38942.738380591756,14655.049349491568,3405.600923704349,4.077812825991412e+16
2460681.5,2025-01-06T00:00:00,1.1544058313956742e+16,-3.8982803733307304e+16,-2791634373322209.0,38866.75557460592,14911.697711892512,3424.1152247644823,4.075190169476642e+16
2460682.5,2025-01-07T00:00:00,1.1833907092505842e+16,-3.887053138011676e+16,-2766004804153459.5,38788.7173089685,15168.083977855202,3442.4948538309427,4.072604018835249e+16
2460683.5,2025-01-08T00:00:00,1.2123165642189874e+16,-3.875634615789214e+16,-2740238540501801.0,38708.622206127184,15424.18694637483,3460.7378657926633,4.070054569606144e+16
2460684.5,2025-01-09T00:00:00,1.2411818604530194e+16,-3.864025026084061e+16,-2714336609445195.5,38626.469168653945,15679.985329837444,3478.8423230998487,4.067542015175171e+16
2460685.5,2025-01-10T00:00:00,1.2699850613909388e+16,-3.852224604238997e+16,-2688300052495448.0,38542.257381782445,15935.45775847033,3496.8062962944014,4.065066546734864e+16
2460686.5,2025-01-11T00:00:00,1.298724629969053e+16,-3.840233601578516e+16,-2662129925535860.5,38455.98631586413,16190.582784862869,3514.62786454197,4.062628353244398e+16
2460687.5,2025-01-12T00:00:00,1.327399028835449e+16,-3.828052285465064e+16,-2635827298754804.5,38367.65572873931,16445.33888856567,3532.305116166442,4.060227621389742e+16
2460688.5,2025-01-13T00:00:00,1.3560067205654602e+16,-3.8156809393518296e+16,-2609393256575431.0,38277.26566802199,16699.70448075865,3549.836149185765,4.057864535544055e+16
2460689.5,2025-01-14T00:00:00,1.3845461678788074e+16,-3.8031198628320216e+16,-2582828897581214.0,38184.81647329512,16953.657908989535,3567.219071849232,4.055539277728321e+16
2460690.5,2025-01-15T00:00:00,1.4130158338583426e+16,-3.790369371684569e+16,-2556135334437628.5,38090.308778215935,17207.177461979027,3584.4520031756333,4.053252027572239e+16
2460691.5,2025-01-16T00:00:00,1.4414141821703316e+16,-3.77742979791623e+16,-2529313693809732.0,37993.74351252693,17460.24137449402,3601.533073492443,4.051002962275411e+16
2460692.5,2025-01-17T00:00:00,1.4697396772862018e+16,-3.764301489800029e+16,-2502365116275711.0,37895.121903972016,17712.827832283896,3618.4604249753734,4.048792256568815e+16
2460693.5,2025-01-18T00:00:00,1.4979907847056842e+16,-3.7509848119099816e+16,-2475290756236437.0,37794.4454801151,17964.914977078748,3635.232212188173,4.046620082676604e+16
2460694.5,2025-01-19T00:00:00,1.526165971181274e+16,-3.737480145152072e+16,-2448091781820986.5,37691.71607005947,18216.480911647323,3651.8466026222245,4.044486610278222e+16
2460695.5,2025-01-20T00:00:00,1.5542637049439392e+16,-3.723787886791436e+16,-2420769374788091.0,37586.9358060654,18467.503704913208,3668.301777235903,4.042392006470898e+16
2460696.5,2025-01-21T00:00:00,1.5822824559300032e+16,-3.709908450475696e+16,-2393324730423623.0,37480.10712506458,18717.961397126182,3684.5959309931623,4.040336435732479e+16
2460697.5,2025-01-22T00:00:00,1.610220696009104e+16,-3.695842266254416e+16,-2365759057434028.0,37371.23277006919,18967.832005086577,3700.7272734011235,4.038320059884671e+16
2460698.5,2025-01-23T00:00:00,1.63807689921318e+16,-3.681589780594647e+16,-2338073577835756.5,37260.31579147424,19217.093527420413,3716.6940290463426,4.0363430380566696e+16
2460699.5,2025-01-24T00:00:00,1.6658495419663826e+16,-3.667151456392502e+16,-2310269526840704.5,37147.35954825074,19465.723949903084,3732.494438129496,4.034405526649217e+16
2460700.5,2025-01-25T00:00:00,1.6935371033158414e+16,-3.652527772980759e+16,-2282348152737658.5,37032.36770902863,19713.70125082855,3748.1267569980782,4.032507679299104e+16
2460701.5,2025-01-26T00:00:00,1.7211380651631812e+16,-3.637719226132417e+16,-2254310716769795.0,36915.344253067684,19961.003406422056,3763.5892586768764,4.0306496468441064e+16
2460702.5,2025-01-27T00:00:00,1.7486509124967466e+16,-3.622726328060213e+16,-2226158493008195.0,36796.29347111458,20207.60839629337,3778.8802333958565,4.028831577288416e+16
2460703.5,2025-01-28T00:00:00,1.7760741336243982e+16,-3.607549607412047e+16,-2197892768221431.8,36675.21996614517,20453.494208928125,3793.9979891151474,4.02705361576854e+16
2460704.5,2025-01-29T00:00:00,1.803406220406844e+16,-3.592189609262297e+16,-2169514841741321.2,36552.12865399021,20698.6388472144,3808.94085204678,4.025315904519727e+16
2460705.5,2025-01-30T00:00:00,1.830645668491368e+16,-3.576646895098993e+16,-2141026025324676.5,36427.02476384336,20943.02033400192,3823.7071671729045,4.023618582842893e+16
2460706.5,2025-01-31T00:00:00,1.8577909775459148e+16,-3.560922042806828e+16,-2112427643011305.8,36299.913838650384,21186.616717690926,3838.295298760118,4.021961787072093e+16
2460707.5,2025-02-01T00:00:00,1.884840651493412e+16,-3.5450156466459984e+16,-2083721030978129.0,36170.80173537847,21429.406077847667,3852.703630869565,4.0203456505425576e+16
2460708.5,2025-02-02T00:00:00,1.911793198746248e+16,-3.528928317226829e+16,-2054907537389535.0,36039.69462516424,21671.36653084414,3866.9305678625483,4.0187703035592856e+16
2460709.5,2025-02-03T00:00:00,1.9386471324408116e+16,-3.5126606814801864e+16,-2025988522243956.5,35906.59899334016,21912.476235518305,3880.9745349012555,4.0172358733662216e+16
2460710.5,2025-02-04T00:00:00,1.9654009706720156e+16,-3.4962133826236628e+16,-1996965357216739.0,35771.52163933818,22152.713398852095,3894.833978444318,4.015742484116049e+16
2460711.5,2025-02-05T00:00:00,1.9920532367276956e+16,-3.4795870801235116e+16,-1967839425499345.0,35634.469676469766,22392.056281664292,3908.50736673692,4.014290256840585e+16
2460712.5,2025-02-06T00:00:00,2.018602459322795e+16,-3.462782449652329e+16,-1938612121634910.0,35495.45053158185,22630.483204314183,3921.993190295052,4.012879309421817e+16
2460713.5,2025-02-07T00:00:00,2.0450471728332536e+16,-3.4458001830424748e+16,-1909284851350178.8,35354.4719445884,22867.97255241576,3935.289962383721,4.011509756563579e+16
2460714.5,2025-02-08T00:00:00,2.0713859175294976e+16,-3.428640988235229e+16,-1879859031383928.0,35211.5419678761,23104.50278255228,3948.3962194886562,4.010181709763901e+16
2460715.5,2025-02-09T00:00:00,2.0976172398094364e+16,-3.411305589225679e+16,-1850336089311910.0,35066.66896558504,23340.052427996503,3961.3105217814073,4.008895277288023e+16
2460716.5,2025-02-10T00:00:00,2.1237396924308816e+16,-3.3937947260033348e+16,-1820717463368289.5,34919.861612763045,23574.600104428446,3974.031453577393,4.0076505641421144e+16
2460717.5,2025-02-11T00:00:00,2.149751834743278e+16,-3.376109154488478e+16,-1791004602263744.8,34771.12889439375,23808.124515647298,3986.557623786678,4.0064476720476824e+16
2460718.5,2025-02-12T00:00:00,2.1756522329186684e+16,-3.3582496464642536e+16,-1761198965000202.5,34620.480104299444,24040.6044592739,3998.8876663568362,4.005286699416716e+16
2460719.5,2025-02-13T00:00:00,2.2014394601817988e+16,-3.3402169895045156e+16,-1731302020682313.2,34467.924843912864,24272.018832445854,4011.020240709051,4.004167741327569e+16
2460720.5,2025-02-14T00:00:00,2.2271120970392388e+16,-3.322011986897401e+16,-1701315248325677.8,34313.4730209296,24502.346637491566,4022.954032164362,4.003090889501559e+16
2460721.5,2025-02-15T00:00:00,2.2526687315074744e+16,-3.3036354575647104e+16,-1671240136661947.2,34157.13484782971,24731.566987590035,4034.6877523625794,4.002056232280374e+16
2460722.5,2025-02-16T00:00:00,2.2781079593398292e+16,-3.2850882359770316e+16,-1641078183940825.2,33998.92084027161,24959.65911241019,4046.2201396727446,4.001063854604202e+16
2460723.5,2025-02-17T00:00:00,2.3034283842521492e+16,-3.2663711720647084e+16,-1610830897729011.2,33838.84181535893,25186.60236371597,4057.549959593778,4.000113837990693e+16
2460724.5,2025-02-18T00:00:00,2.3286286181471508e+16,-3.24748513112459e+16,-1580499794706237.8,33676.908889794686,25412.376220961705,4068.6760051462443,3.999206260514687e+16
2460725.5,2025-02-19T00:00:00,2.353707281337329e+16,-3.22843099372265e+16,-1550086400458358.0,33513.13347788853,25636.960296834426,4079.59709725486,3.998341196788767e+16
2460726.5,2025-02-20T00:00:00,2.3786630027663536e+16,-3.2092096555924628e+16,-1519592249267676.0,33347.5272894546,25860.334342773363,4090.31208512084,3.99751871794463e+16
2460727.5,2025-02-21T00:00:00,2.403494420228822e+16,-3.1898220275295744e+16,-1489018883900478.8,33180.10232758502,26082.478254452155,4100.819846584283,3.996738891615274e+16
2460728.5,2025-02-22T00:00:00,2.4282001805883396e+16,-3.170269035281803e+16,-1458367855391947.2,33010.870886296914,26303.372077217835,4111.119288476456,3.996001781918054e+16
2460729.5,2025-02-23T00:00:00,2.4527789399937572e+16,-3.1505516194354908e+16,-1427640722828449.5,32839.84554805474,26522.996011482737,4121.209346961585,3.9953074494385624e+16
2460730.5,2025-02-24T00:00:00,2.4772293640935536e+16,-3.1306707352977536e+16,-1396839053127315.5,32667.03918117322,26741.330418068763,4131.088987867767,3.994655951215392e+16
2460731.5,2025-02-25T00:00:00,2.5015501282481944e+16,-3.11062735277475e+16,-1365964420814222.8,32492.464937102755,26958.35582350344,4140.757207006895,3.994047340725734e+16
2460732.5,2025-02-26T00:00:00,2.5257399177404612e+16,-3.0904224562460296e+16,-1335018407798189.2,32316.136247596623,27174.052925264095,4150.213030483438,3.9934816678719e+16
2460733.5,2025-02-27T00:00:00,2.5497974279835884e+16,-3.0700570444349748e+16,-1304002603144330.8,32138.066821758843,27388.40259696367,4159.455514991988,3.99295897896868e+16
2460734.5,2025-02-28T00:00:00,2.5737213647271744e+16,-3.0495321302754016e+16,-1272918602844422.2,31958.270642971645,27601.385893471594,4168.483748103161,3.992479316731624e+16
2460735.5,2025-03-01T00:00:00,2.5975104442607396e+16,-3.028848740774362e+16,-1241768009585399.5,31776.76196571032,27812.98405596898,4177.296848537273,3.9920427202662e+16
2460736.5,2025-03-02T00:00:00,2.621163393614879e+16,-3.0080079168711944e+16,-1210552432515820.5,31593.55531225743,28023.17851695823,4185.893966426654,3.991649225057877e+16
2460737.5,2025-03-03T00:00:00,2.6446789507599204e+16,-2.9870107132928544e+16,-1179273487010461.2,31408.665469283842,28231.950905179066,4194.274283565719,3.991298862963101e+16
2460738.5,2025-03-04T00:00:00,2.6680558648019596e+16,-2.9658581984056092e+16,-1147932794433017.0,31222.10748433251,28439.283050464244,4202.437013648556,3.990991662201168e+16
2460739.5,2025-03-05T00:00:00,2.691292896176287e+16,-2.944551454063144e+16,-1116531981897200.2,31033.896662210358,28645.156988517643,4210.381402492366,3.9907276473470744e+16
2460740.5,2025-03-06T00:00:00,2.7143888168380196e+16,-2.9230915754511052e+16,-1085072682026068.4,30844.048561221567,28849.554965631167,4218.106728254422,3.990506839325215e+16
2460741.5,2025-03-07T00:00:00,2.7373424104499244e+16,-2.9014796709281756e+16,-1053556532709886.0,30652.578989367506,29052.459443284395,4225.61230162681,3.99032925540405e+16
2460742.5,2025-03-08T00:00:00,2.7601524725673564e+16,-2.8797168618637404e+16,-1021985176862550.9,30459.504000400855,29253.853102692945,4232.897466024948,3.9901949091916936e+16
2460743.5,2025-03-09T00:00:00,2.782817810820202e+16,-2.8578042824721812e+16,-990360262176663.0,30264.83988978337,29453.718849268556,4239.961597762601,3.990103810632433e+16
2460744.5,2025-03-10T00:00:00,2.805337245091777e+16,-2.8357430796438796e+16,-958683440877297.2,30068.60319054926,29652.03981698361,4246.804106212984,3.990055966004161e+16
2460745.5,2025-03-11T00:00:00,2.827709607694607e+16,-2.813534412772997e+16,-926956369474694.0,29870.810669084753,29848.799372636367,4253.424433955036,3.990051377916753e+16
2460746.5,2025-03-12T00:00:00,2.849933743543022e+16,-2.791179453582111e+16,-895180708515861.8,29671.479320822375,30043.981120037264,4259.822056906993,3.990090045311392e+16
2460747.5,2025-03-13T00:00:00,2.8720085103224852e+16,-2.768679385943751e+16,-863358122335224.4,29470.626365817392,30237.568904093532,4265.99648444868,3.990171963460807e+16
2460748.5,2025-03-14T00:00:00,2.893932778655613e+16,-2.746035405698925e+16,-831490278804442.1,29268.269244252497,30429.54681479873,4271.947259529385,3.990297123970459e+16
2460749.5,2025-03-15T00:00:00,2.915705432264786e+16,-2.7232487204727024e+16,-799578849081441.4,29064.42561185123,30619.899191120345,4277.673958762728,3.990465514780647e+16
2460750.5,2025-03-16T00:00:00,2.9373253681313148e+16,-2.7003205494869456e+16,-767625507358805.9,28859.113335238046,30808.610624783072,4283.176192505393,3.990677120169549e+16
2460751.5,2025-03-17T00:00:00,2.958791496651126e+16,-2.6772521233702504e+16,-735631930611636.4,28652.350487192653,30995.66596393853,4288.453604924042,3.990931920757216e+16
2460752.5,2025-03-18T00:00:00,2.980102741786852e+16,-2.654044683965171e+16,-703599798344943.6,28444.155341817146,31181.050316761583,4293.505874052511,3.991229893510471e+16
2460753.5,2025-03-19T00:00:00,3.0012580412162864e+16,-2.6306994841328184e+16,-671530792340663.5,28234.546369664477,31364.749054891225,4298.33271182843,3.991571011748722e+16
2460754.5,2025-03-20T00:00:00,3.022256346477211e+16,-2.607217787554937e+16,-639426596404478.5,28023.542232774376,31546.747816795876,4302.933864121225,3.991955245150743e+16
2460755.5,2025-03-21T00:00:00,3.0430966231084548e+16,-2.5836008685334824e+16,-607288896112451.5,27811.161779645896,31727.03251101702,4307.309110745466,3.992382559762335e+16
2460756.5,2025-03-22T00:00:00,3.063777850787186e+16,-2.5598500117878544e+16,-575119378557612.5,27597.424040147573,31905.589319295243,4311.458265460162,3.992852918004914e+16
2460757.5,2025-03-23T00:00:00,3.0842990234623904e+16,-2.535966512249814e+16,-542919732096620.4,27382.348220365246,32082.40469958438,4315.3811759550445,3.993366278685006e+16
2460758.5,2025-03-24T00:00:00,3.10465914948448e+16,-2.5119516748562016e+16,-510691646096560.8,27165.95369739342,32257.46538894913,4319.077723823175,3.9939225970046664e+16
2460759.5,2025-03-25T00:00:00,3.12485725173097e+16,-2.4878068143395468e+16,-478436810681986.25,26948.260014068994,32430.758406344612,4322.547824520505,3.9945218245727576e+16
2460760.5,2025-03-26T00:00:00,3.1448923677282508e+16,-2.4635332550166236e+16,-446156916482359.56,26729.286873654655,32602.27105527778,4325.79142731195,3.995163909417166e+16
2460761.5,2025-03-27T00:00:00,3.1647635497693196e+16,-2.439132330575089e+16,-413853654379883.1,26509.054134474016,32771.99092634673,4328.808515204132,3.995848795997867e+16
2460762.5,2025-03-28T00:00:00,3.184469865027535e+16,-2.4146053838582536e+16,-381528715257905.4,26287.581804500278,32939.905899660815,4331.5991048652,3.9965764252208936e+16
2460763.5,2025-03-29T00:00:00,3.204010395666284e+16,-2.3899537666481052e+16,-349183789750018.3,26064.89003590344,33106.004147137566,4334.163246531384,3.9973467344531576e+16
2460764.5,2025-03-30T00:00:00,3.2233842389445824e+16,-2.3651788394466436e+16,-316820567989822.94,25840.999119558124,33270.27413467744,4336.501023900768,3.998159657538144e+16
2460765.5,2025-03-31T00:00:00,3.242590507318558e+16,-2.340281971255663e+16,-284440739361590.9,25615.929479515646,33432.70462421437,4338.612554014163,3.9990151248124584e+16
2460766.5,2025-04-01T00:00:00,3.2616283285387884e+16,-2.3152645393550304e+16,-252045992251840.56,25389.70166744451,33593.28467564216,4340.4979871231835,3.999913063123209e+16
2460767.5,2025-04-02T00:00:00,3.280496845743487e+16,-2.2901279290795804e+16,-219638013801954.28,25162.33635704123,33752.003648615886,4342.1575065457855,4.000853395846237e+16
2460768.5,2025-04-03T00:00:00,3.2991952175474996e+16,-2.2648735335947132e+16,-187218489661929.34,24933.854338414912,33908.851204228944,4343.591328509473,4.0018360429051576e+16
2460769.5,2025-04-04T00:00:00,3.3177226181271036e+16,-2.2395027536707844e+16,-154789103745306.6,24704.276512450666,34063.8173065631,4344.799701982029,4.002860920791225e+16
2460770.5,2025-04-05T00:00:00,3.3360782373005868e+16,-2.214016997456382e+16,-122351537985458.62,24473.623885152687,34216.89222411368,4345.7829084901805,4.0039279425839864e+16
2460771.5,2025-04-06T00:00:00,3.354261280604613e+16,-2.188417680250596e+16,-89907472093243.02,24241.9175619721,34368.066531088785,4346.541261926331,4.005037017972753e+16
2460772.5,2025-04-07T00:00:00,3.372270969366329e+16,-2.16270622427436e+16,-57458583316153.3,24009.178742122127,34517.331108581544,4347.075108343408,4.006188053278821e+16
2460773.5,2025-04-08T00:00:00,3.390106540771234e+16,-2.1368840584409536e+16,-25006546199043.945,23775.428712883975,34664.677145617265,4347.3848257381605,4.007380951478473e+16
2460774.5,2025-04-09T00:00:00,3.407767247926797e+16,-2.110952618125798e+16,7446967653487.105,23540.688843906642,34810.09614007465,4347.470823822989,4.008615612226746e+16
2460775.5,2025-04-10T00:00:00,3.425252359921815e+16,-2.084913344935574e+16,39900289812962.55,23304.98058150447,34953.5798994808,4347.333543786547,4.009891931881915e+16
2460776.5,2025-04-11T00:00:00,3.442561161881511e+16,-2.05876768647683e+16,72351755261073.11,23068.325442953545,35095.12054168251,4346.973458043475,4.01120980353073e+16
2460777.5,2025-04-12T00:00:00,3.4596929550183876e+16,-2.032517096124108e+16,104799702621801.22,22830.745010794726,35234.71049538969,4346.39106997292,4.012569117014352e+16
2460778.5,2025-04-13T00:00:00,3.4766470566788116e+16,-2.0061630327877224e+16,137242474391573.94,22592.260927140956,35372.342500597304,4345.586913646872,4.013969758954998e+16
2460779.5,2025-04-14T00:00:00,3.493422800385372e+16,-1.979706960681273e+16,169678417167326.22,22352.89488799535,35508.00960888306,4344.561553548003,4.0154116127832744e+16
2460780.5,2025-04-15T00:00:00,3.510019535874986e+16,-1.953150349088969e+16,202105881872432.66,22112.66863758296,35641.70518358124,4343.315584277288,4.016894558766173e+16
2460781.5,2025-04-16T00:00:00,3.526436629132789e+16,-1.9264946721328856e+16,234523223980426.28,21871.603962697747,35773.422899834695,4341.849630251844,4.018418474035734e+16
2460782.5,2025-04-17T00:00:00,3.542673462421806e+16,-1.899741408540212e+16,266928803736402.4,21629.72268707061,35903.15674452534,4340.164345392911,4.019983232618352e+16
2460783.5,2025-04-18T00:00:00,3.558729434308433e+16,-1.8728920414106064e+16,299320986376083.4,21387.046665757734,36030.90101608466,4338.260412804738,4.021588705464702e+16
2460784.5,2025-04-19T00:00:00,3.574603959683726e+16,-1.8459480579837304e+16,331698142342435.75,21143.597779555115,36156.65032418479,4336.138544444032,4.023234760480279e+16
2460785.5,2025-04-20T00:00:00,3.5902964697805516e+16,-1.818910949407068e+16,364058647499795.7,20899.397929441133,36280.39958931087,4333.79948078068,4.024921262556549e+16
2460786.5,2025-04-21T00:00:00,3.6058064121865816e+16,-1.7917822105040884e+16,396400883345421.4,20654.46903105058,36402.14404221692,4331.2439904497505,4.026648073602653e+16
2460787.5,2025-04-22T00:00:00,3.6211332508531784e+16,-1.7645633395428862e+16,428723237218416.94,20408.83300918195,36521.87922326565,4328.472869895146,4.028415052577696e+16
2460788.5,2025-04-23T00:00:00,3.636276466100205e+16,-1.737255838005329e+16,461024102505979.56,20162.511792341462,36639.60098165402,4325.486943005233,4.03022205552358e+16
2460789.5,2025-04-24T00:00:00,3.651235554616762e+16,-1.7098612103568444e+16,493301878846879.2,19915.527307326633,36755.305474525754,4322.287060740554,4.032068935598359e+16
2460790.5,2025-04-25T00:00:00,3.666010029457909e+16,-1.6823809638169036e+16,525554972332132.75,19667.90147385179,36868.98916597218,4318.874100754005,4.033955543110125e+16
2460791.5,2025-04-26T00:00:00,3.680599420037375e+16,-1.6548166081302936e+16,557781795702841.1,19419.65619921816,36980.64882592358,4315.248967003851,4.035881725551367e+16
2460792.5,2025-04-27T00:00:00,3.695003272116333e+16,-1.6271696553392564e+16,589980768545063.2,19170.813373031022,37090.28152893166,4311.412589359643,4.037847327633848e+16
2460793.5,2025-04-28T00:00:00,3.7092211477882184e+16,-1.5994416195565798e+16,622150317481774.5,18921.3948619664,37197.88465284581,4307.365923201505,4.039852191323904e+16
2460794.5,2025-04-29T00:00:00,3.72325262545968e+16,-1.571634016739712e+16,654288876361779.0,18671.422504590028,37303.45587738403,4303.10994901293,4.041896155878218e+16
2460795.5,2025-04-30T00:00:00,3.737097299827687e+16,-1.5437483644659822e+16,686394886445563.2,18420.918106230118,37406.99318260129,4298.645671967615,4.04397905788002e+16
2460796.5,2025-05-01T00:00:00,3.7507547818528056e+16,-1.5157861817090088e+16,718466796588047.9,18169.9034339072,37508.49484725611,4293.974121510232,4.046100731275689e+16
2460797.5,2025-05-02T00:00:00,3.764224698728745e+16,-1.4877489886163522e+16,750503063418188.6,17918.400211322256,37607.95944707797,4289.09635093181,4.048261007411762e+16
2460798.5,2025-05-03T00:00:00,3.777506693848152e+16,-1.459638306288509e+16,782502151515386.5,17666.43011390631,37705.385852937514,4284.013436939692,4.050459715072308e+16
2460799.5,2025-05-04T00:00:00,3.790600426764762e+16,-1.4314556565593008e+16,814462533582671.9,17414.01476393179,37800.7732289209,4278.726479222697,4.052696680516679e+16
2460800.5,2025-05-05T00:00:00,3.803505573151905e+16,-1.4032025617777386e+16,846382690616617.5,17161.175725689347,37894.12103031123,4273.236600011373,4.054971727517587e+16
2460801.5,2025-05-06T00:00:00,3.816221824757444e+16,-1.374880544591428e+16,878261112073959.8,16907.934500731655,37985.42900147871,4267.54494363386,4.057284677399514e+16
2460802.5,2025-05-07T00:00:00,3.82874888935519e+16,-1.3464911277315792e+16,910096296034882.1,16654.312523184144,38074.697173680914,4261.6526760676,4.05963534907743e+16
2460803.5,2025-05-08T00:00:00,3.841086490692836e+16,-1.3180358337996994e+16,941886749362951.0,16400.33115512869,38161.925862779906,4255.560984487197,4.0620235590958024e+16
2460804.5,2025-05-09T00:00:00,3.853234368436474e+16,-1.2895161850560118e+16,973630987861633.6,16146.011682053504,38247.11566686691,4249.271076808499,4.064449121667866e+16
2460805.5,2025-05-10T00:00:00,3.865192278111748e+16,-1.2609337032096846e+16,1005327536427438.5,15891.375308382605,38330.26746381437,4242.784181229515,4.066911848715161e+16
2460806.5,2025-05-11T00:00:00,3.876959991041696e+16,-1.2322899092109162e+16,1036974929199587.1,15636.443153076238,38411.38240874168,4236.101545768012,4.069411549907303e+16
2460807.5,2025-05-12T00:00:00,3.88853729428132e+16,-1.2035863230449404e+16,1068571709706231.2,15381.236245307067,38490.46193140721,4229.2244377967445,4.071948032701962e+16
2460808.5,2025-05-13T00:00:00,3.89992399054899e+16,-1.1748244635280058e+16,1100116431007200.9,15125.775520216128,38567.50773352114,4222.154143575494,4.0745211023850584e+16
2460809.5,2025-05-14T00:00:00,3.9111198981546744e+16,-1.146005848105392e+16,1131607655833237.8,14870.081814746081,38642.521785990466,4214.8919677814665,4.077130562111127e+16
2460810.5,2025-05-15T00:00:00,3.922124850925107e+16,-1.1171319926515032e+16,1163043956721724.8,14614.175863555081,38715.50632609295,4207.439233037673,4.079776212943852e+16
2460811.5,2025-05-16T00:00:00,3.932938698125941e+16,-1.0882044112721006e+16,1194423916148882.2,14358.07829501395,38786.46385458209,4199.797279439417,4.082457853896757e+16
2460812.5,2025-05-17T00:00:00,3.943561304380927e+16,-1.0592246161087204e+16,1225746126658426.5,14101.809627279808,38855.39713272753,4191.967464079979,4.085175281974012e+16
2460813.5,2025-05-18T00:00:00,3.953992549588211e+16,-1.030194117145322e+16,1257009190986686.0,13845.390264465947,38922.309179294505,4183.95116057467,4.087928292211369e+16
2460814.5,2025-05-19T00:00:00,3.9642323288337864e+16,-1.0011144220172164e+16,1288211722184161.5,13588.840492883783,38987.203267460165,4175.749758584835,4.0907166777171864e+16
2460815.5,2025-05-20T00:00:00,3.974280552302184e+16,-9719870358223168.0,1319352343733527.0,13332.180477380149,39050.08292167912,4167.364663341583,4.093540229713537e+16
2460816.5,2025-05-21T00:00:00,3.984137145184467e+16,-9428134609347476.0,1350429689664085.8,13075.430257759472,39110.95191447664,4158.797295168152,4.096398737577393e+16
2460817.5,2025-05-22T00:00:00,3.993802047583562e+16,-9135951968208724.0,1381442404662647.5,12818.609745289603,39169.81426321445,4150.049089005113,4.099291988881838e+16
2460818.5,2025-05-23T00:00:00,4.003275214417051e+16,-8843337398577651.0,1412389144180860.5,12561.738719308843,39226.674226774245,4141.121493932357,4.10221976943736e+16
2460819.5,2025-05-24T00:00:00,4.0125566153174296e+16,-8550305831541303.0,1443268574539015.2,12304.836823906393,39281.536302237575,4132.015972697018,4.1051818633331064e+16
2460820.5,2025-05-25T00:00:00,4.021646234529945e+16,-8256872163737932.0,1474079373026265.8,12047.923564701921,39334.40522143776,4122.734001234758,4.1081780529782056e+16
2460821.5,2025-05-26T00:00:00,4.0305440708080536e+16,-7963051255617123.0,1504820227997334.8,11791.018305721964,39385.28594757249,4113.277068200171,4.111208119143047e+16
2460822.5,2025-05-27T00:00:00,4.039250137306576e+16,-7668857929725689.0,1535489838965695.8,11534.140266351056,39434.183671707884,4103.646674494557,4.1142718410005464e+16
2460823.5,2025-05-28T00:00:00,4.047764461472623e+16,-7374306969019826.0,1566086916693232.8,11277.308518379668,39481.10380924094,4093.844332794364,4.117368996167392e+16
2460824.5,2025-05-29T00:00:00,4.056087084934335e+16,-7079413115203745.0,1596610183276393.0,11020.541983147155,39526.05199634147,4083.871567082227,4.120499360745214e+16
2460825.5,2025-05-30T00:00:00,4.064218063387544e+16,-6784191067094991.0,1627058372228839.2,10763.859428773196,39569.034086369335,4073.729912180966,4.123662709361729e+16
2460826.5,2025-05-31T00:00:00,4.072157466480374e+16,-6488655479016591.0,1657430228560641.2,10507.279467475335,39610.05614625513,4063.4209132894302,4.126858815211764e+16
2460827.5,2025-06-01T00:00:00,4.079905377695902e+16,-6192820959216413.0,1687724508854011.0,10250.820552976315,39649.124452838936,4052.9461255197753,4.130087450098231e+16
2460828.5,2025-06-02T00:00:00,4.087461894232893e+16,-5896702068313958.0,1717939981335570.5,9994.500978004928,39686.24548917596,4042.3071134362212,4.133348384472962e+16
2460829.5,2025-06-03T00:00:00,4.09482712688472e+16,-5600313317774828.0,1748075425945207.2,9738.338871889191,39721.425940827234,4031.5054505969756,4.1366413874774504e+16
2460830.5,2025-06-04T00:00:00,4.102001199916515e+16,-5303669168412876.0,1778129634401516.8,9482.352198234306,39754.672692145825,4020.5427191009253,4.139966226983456e+16
2460831.5,2025-06-05T00:00:00,4.108984250940613e+16,-5006784028920142.0,1808101410263874.2,9226.558752681723,39785.99282254233,4009.420509137932,4.143322669633451e+16
2460832.5,2025-06-06T00:00:00,4.11577643079036e+16,-4709672254424958.0,1837989568991157.0,8970.976160773811,39815.39360266213,3998.140418535121,4.146710480880916e+16
2460833.5,2025-06-07T00:00:00,4.1223779033923784e+16,-4412348145078499.0,1867792937997073.0,8715.621875903378,39842.88249065497,3986.7040523156998,4.150129425030482e+16
2460834.5,2025-06-08T00:00:00,4.128788845637301e+16,-4114825944669086.5,1897510356702256.8,8460.513177338808,39868.4671283537,3975.113022256262,4.153579265277856e+16
2460835.5,2025-06-09T00:00:00,4.135009447249087e+16,-3817119839265318.5,1927140676583034.0,8205.667168348895,39892.15533747124,3963.368946449223,4.157059763749583e+16
2460836.5,2025-06-10T00:00:00,4.141039910652971e+16,-3519243955887494.5,1956682761216947.2,7951.1007744196495,39913.95511578358,3951.4734488683603,4.160570681542582e+16
2460837.5,2025-06-11T00:00:00,4.146880450842105e+16,-3221212361207573.5,1986135486325052.0,7696.830741542827,39933.874633306834,3939.4281589401153,4.164111778763483e+16
2460838.5,2025-06-12T00:00:00,4.15253129524295e+16,-2923039060277699.5,2015497739811037.5,7442.873634603256,39951.922228467054,3927.234711117848,4.167682814567709e+16
2460839.5,2025-06-13T00:00:00,4.157992683579521e+16,-2624737995287332.5,2044768421797170.5,7189.245835851832,39968.10640426745,3914.89474446066,4.171283547198352e+16
2460840.5,2025-06-14T00:00:00,4.163264867736488e+16,-2326323044348998.5,2073946444657124.0,6935.963543460897,39982.43582445561,3902.4099022171404,4.174913734024772e+16
2460841.5,2025-06-15T00:00:00,4.168348111621267e+16,-2027808020312637.8,2103030733045711.0,6683.042770163566,39994.91930969049,3889.7818314139035,4.178573131580967e+16
2460842.5,2025-06-16T00:00:00,4.173242691025098e+16,-1729206669608571.0,2132020223925568.0,6430.499341977833,40005.56583371177,3877.0121824488465,4.182261495603648e+16
2460843.5,2025-06-17T00:00:00,4.177948893483214e+16,-1430532671119048.8,2160913866590818.5,6178.348897015901,40014.384519513434,3864.102608689182,4.185978581070052e+16
2460844.5,2025-06-18T00:00:00,4.182467018134158e+16,-1131799635078327.5,2189710622687752.2,5926.606884376284,40021.384635523595,3851.054766074577,4.189724142235475e+16
2460845.5,2025-06-19T00:00:00,4.1867973755782904e+16,-833021102001250.6,2218409466232560.2,5675.288563115875,40026.57559179263,3837.870312725505,4.193497932670499e+16
2460846.5,2025-06-20T00:00:00,4.190940287735565e+16,-534210541640239.75,2247009383626178.2,5424.409001300207,40029.96693619011,3824.5509085571803,4.1972997052979304e+16
2460847.5,2025-06-21T00:00:00,4.194896087702623e+16,-235381351970645.6,2275509373666256.0,5173.983075133615,40031.56835061256,3811.098214898649,4.2011292124294104e+16
2460848.5,2025-06-22T00:00:00,4.198665119609283e+16,63453141795647.17,2303908447556298.5,4924.025468177508,40031.389647204785,3797.513894116613,4.204986205801737e+16
2460849.5,2025-06-23T00:00:00,4.202247738474447e+16,362279688168460.1,2332205628912039.5,4674.5506706302485,40029.440764595776,3783.7996092461394,4.208870436612832e+16
2460850.5,2025-06-24T00:00:00,4.205644310061528e+16,661085110309512.4,2360399953765057.5,4425.57297869562,40025.73176414904,3769.9570236257914,4.212781655557403e+16
2460851.5,2025-06-25T00:00:00,4.208855210733399e+16,959856306934694.4,2388490470563704.5,4177.106494021072,40020.27282623165,3755.987800538975,4.216719612862236e+16
2460852.5,2025-06-26T00:00:00,4.211880827307002e+16,1258580253188552.5,2416476240171368.0,3929.1651232112436,40013.07424650137,3741.8936028608077,4.2206840583211864e+16
2460853.5,2025-06-27T00:00:00,4.214721556907562e+16,1557244001491135.5,2444356335862128.5,3681.762577414258,40004.14643221443,3727.6760927108226,4.2246747413297736e+16
2460854.5,2025-06-28T00:00:00,4.217377806822563e+16,1855834682357359.8,2472129843313837.5,3434.9123719795994,39993.49989855449,3713.336931111409,4.22869141091945e+16
2460855.5,2025-06-29T00:00:00,4.219849994355476e+16,2154339505189047.0,2499795860598670.5,3188.6278261861876,39981.14526498471,3698.8777776521542,4.2327338157914856e+16
2460856.5,2025-06-30T00:00:00,4.22213854667931e+16,2452745759039827.0,2527353498171195.5,2942.922063040413,39967.09325162355,3684.3002901598984,4.236801704350504e+16
2460857.5,2025-07-01T00:00:00,4.224243900690044e+16,2751040813353084.5,2554801878854003.0,2697.808009140402,39951.35467564692,3669.606124374952,4.2408948247376216e+16
2460858.5,2025-07-02T00:00:00,4.226166502859981e+16,3049212118673132.0,2582140137820946.5,2453.298394608264,39933.94044771619,3654.7969336330216,4.245012924863227e+16
2460859.5,2025-07-03T00:00:00,4.2279068090910664e+16,3347247207329831.5,2609367422578008.0,2209.405753087233,39914.86156843382,3639.874368553052,4.249155752439358e+16
2460860.5,2025-07-04T00:00:00,4.229465284568245e+16,3645133694096867.5,2636482892941883.5,1966.142421802151,39894.12912482833,3624.840076731128,4.253323055011705e+16
2460861.5,2025-07-05T00:00:00,4.230842403612879e+16,3942859276823880.5,2663485721016289.0,1723.5205416836461,39871.754286869735,3609.695702440232,4.257514579991211e+16
2460862.5,2025-07-06T00:00:00,4.232038649536269e+16,4240411737042713.0,2690375091166051.0,1481.5520575513747,39847.74830401482,3594.442886336089,4.261730074685272e+16
2460863.5,2025-07-07T00:00:00,4.2330545144933544e+16,4537778940547984.0,2717150199989028.0,1240.248718359742,39822.12250178565,3579.0832651687433,4.2659692863285336e+16
2460864.5,2025-07-08T00:00:00,4.233890499336609e+16,4834948837952243.0,2743810256285892.5,999.6220775004437,39794.8882783803,3563.6184715002473,4.2702319621132936e+16
2460865.5,2025-07-09T00:00:00,4.234547113470184e+16,5131909465215944.0,2770354481027832.0,759.6834931627815,39766.05710131882,3548.050133428277,4.2745178492194776e+16
2460866.5,2025-07-10T00:00:00,4.235024874704337e+16,5428648944152533.0,2796782107322215.5,520.444128749069,39735.6405041226,3532.3798743157035,4.278826694844201e+16
2460867.5,2025-07-11T00:00:00,4.2353243091102104e+16,5725155482908847.0,2823092380376254.0,281.91495334542077,39703.65008303083,3516.609312526029,4.283158246230938e+16
2460868.5,2025-07-12T00:00:00,4.235445950874955e+16,6021417376421171.0,2849284557458706.5,44.10674224532878,39670.097493753354,3500.740061164886,4.287512250698235e+16
2460869.5,2025-07-13T00:00:00,4.2353903421572776e+16,6317423006847173.0,2875357907859693.5,-192.96992247520416,39634.994448260884,3484.7737278274076,4.2918884556680264e+16
2460870.5,2025-07-14T00:00:00,4.235158032943435e+16,6613160843974031.0,2901311712848630.0,-429.3046513318431,39598.35271161353,3468.7119143515665,4.2962866086935064e+16
2460871.5,2025-07-15T00:00:00,4.234749580903726e+16,6908619445603029.0,2927145265630350.5,-664.8872467568365,39560.184098828446,3452.5562165774536,4.300706457486602e+16
2460872.5,2025-07-16T00:00:00,4.234165551249479e+16,7203787457910908.0,2952857871299447.0,-899.7077023760269,39520.50047178742,3436.308224112517,4.305147749944978e+16
2460873.5,2025-07-17T00:00:00,4.233406516590608e+16,7498653615788299.0,2978448846792895.5,-1133.7562022391999,39479.31373618436,3419.9695201027766,4.309610234178631e+16
2460874.5,2025-07-18T00:00:00,4.2324730567937864e+16,7793206743155510.0,3003917520840981.5,-1367.0231200050846,39436.63583851421,3403.5416810099496,4.31409365853607e+16
2460875.5,2025-07-19T00:00:00,4.231365758841197e+16,8087435753255997.0,3029263233916588.0,-1599.499018081973,39392.47876310298,3387.0262763945752,4.3185977716300184e+16
2460876.5,2025-07-20T00:00:00,4.230085216689975e+16,8381329648927813.0,3054485338182889.0,-1831.1746467255145,39346.85452918016,3370.4248687050967,4.323122322362714e+16
2460877.5,2025-07-21T00:00:00,4.2286320311323416e+16,8674877522853368.0,3079583197439484.0,-2062.0409430946756,39299.775187993415,3353.739013072894,4.3276670599507784e+16
2460878.5,2025-07-22T00:00:00,4.2270068096564264e+16,8968068557787806.0,3104556187067041.0,-2292.089030267126,39251.25281996611,3336.970257113321,4.3322317339496264e+16
2460879.5,2025-07-23T00:00:00,4.225210166307876e+16,9260892026766322.0,3129403693970457.0,-2521.310216215271,39201.29953189824,3320.1201407326625,4.336816094277463e+16
2460880.5,2025-07-24T00:00:00,4.223242721552212e+16,9553337293290764.0,3154125116520606.5,-2749.695992744061,39149.9274542108,3303.19019594103,4.341419891238832e+16
2460881.5,2025-07-25T00:00:00,4.221105102138021e+16,9845393811495792.0,3178719864494727.0,-2977.2380343917976,39097.14873823399,3286.1819466712686,4.34604287554775e+16
2460882.5,2025-07-26T00:00:00,4.218797940960958e+16,1.0137051126295002e+16,3203187359015451.0,-3203.9281972951476,39042.9755535394,3269.09690860369,4.35068479835039e+16
2460883.5,2025-07-27T00:00:00,4.21632187692862e+16,1.0428298873507262e+16,3227527032488579.0,-3429.7585180193682,38987.420085316524,3251.93658899674,4.355345411247339e+16
2460884.5,2025-07-28T00:00:00,4.2136775548263096e+16,1.0719126779963648e+16,3251738328539589.0,-3654.7212123553586,38930.494531793425,3234.7024865235244,4.360024466315447e+16
2460885.5,2025-07-29T00:00:00,4.21086562518369e+16,1.1009524663595288e+16,3275820701948955.5,-3878.8086740840613,38872.21110170212,3217.396091114141,4.364721716129211e+16
2460886.5,2025-07-30T00:00:00,4.207886744142402e+16,1.129948243350246e+16,3299773618586316.0,-4102.013473709996,38812.582011787985,3200.018883803783,4.3694369137817784e+16
2460887.5,2025-07-31T00:00:00,4.204741573324613e+16,1.1588990090005236e+16,3323596555343520.0,-4324.328357164741,38751.619484364404,3182.572336586586,4.37416981290549e+16
2460888.5,2025-08-01T00:00:00,4.2014307797025576e+16,1.1878037724676076e+16,3347289000066607.5,-4545.746244481872,38689.3357449112,3165.0579122751033,4.3789201676920296e+16
2460889.5,2025-08-02T00:00:00,4.197955035469072e+16,1.2166615520354632e+16,3370850451486768.5,-4766.260228444038,38625.74301971821,3147.4770643654033,4.3836877329121384e+16
2460890.5,2025-08-03T00:00:00,4.194315017909156e+16,1.245471375114513e+16,3394280419150302.0,-4985.863573203735,38560.85353357279,3129.8312369076903,4.388472263934933e+16
2460891.5,2025-08-04T00:00:00,4.190511409272561e+16,1.2742322782396674e+16,3417578423347644.0,-5204.549712878982,38494.67950749217,3112.121864382367,4.393273516746786e+16
2460892.5,2025-08-05T00:00:00,4.1865448966474504e+16,1.302943307066678e+16,3440743995041472.0,-5422.312250124707,38427.23315649973,3094.3503715815145,4.398091247969828e+16
2460893.5,2025-08-06T00:00:00,4.182416171835123e+16,1.3316035163668446e+16,3463776675793972.0,-5639.1449546813465,38358.52668744556,3076.518173495562,4.4029252148800184e+16
2460894.5,2025-08-07T00:00:00,4.178125931225838e+16,1.3602119700201156e+16,3486676017693253.5,-5855.041761901668,38288.57229687105,3058.6266752052907,4.407775175424826e+16
2460895.5,2025-08-08T00:00:00,4.173674875675734e+16,1.3887677410066112e+16,3509441583278982.0,-6069.996771256667,38217.38216891705,3040.6772717787553,4.412640888240503e+16
2460896.5,2025-08-09T00:00:00,4.169063710384887e+16,1.4172699113965936e+16,3532072945467282.0,-6284.0042448227705,38144.96847327585,3022.671348173398,4.417522112668971e+16
2460897.5,2025-08-10T00:00:00,4.1642931447764936e+16,1.4457175723389358e+16,3554569687474894.0,-6497.058605749618,38071.34336318616,3004.610279142827,4.422418608774302e+16
2460898.5,2025-08-11T00:00:00,4.159363892377211e+16,1.4741098240481052e+16,3576931402742676.0,-6709.154436710741,37996.51897347355,2986.4954291486406,4.427330137358824e+16
2460899.5,2025-08-12T00:00:00,4.154276670698645e+16,1.502445775789689e+16,3599157694858468.0,-6920.286478343467,37920.50741862465,2968.3281522765215,4.432256459978809e+16
2460900.5,2025-08-13T00:00:00,4.149032201120034e+16,1.5307245458645236e+16,3621248177479320.0,-7130.449627658528,37843.32079092231,2950.1097921570754,4.437197338959817e+16
2460901.5,2025-08-14T00:00:00,4.143631208772099e+16,1.5589452615914186e+16,3643202474253184.5,-7339.63893645894,37764.97115860229,2931.8416818913356,4.4421525374116216e+16
2460902.5,2025-08-15T00:00:00,4.138074422422103e+16,1.587107059288545e+16,3665020218740029.0,-7547.849609730718,37685.47056406235,2913.525143980047,4.447121819242788e+16
2460903.5,2025-08-16T00:00:00,4.132362574360088e+16,1.6152090842534812e+16,3686701054332467.0,-7755.077004023286,37604.83102211536,2895.1614902573674,4.452104949174835e+16
2460904.5,2025-08-17T00:00:00,4.1264964002863496e+16,1.6432504907419912e+16,3708244634175897.5,-7961.316625821935,37523.0645182823,2876.75202182869,4.45710169275606e+16
2460905.5,2025-08-18T00:00:00,4.120476639200118e+16,1.671230441945528e+16,3729650621088186.0,-8166.564129916147,37440.18300712311,2858.298029012747,4.462111816374975e+16
2460906.5,2025-08-19T00:00:00,4.114304033289466e+16,1.6991481099675106e+16,3750918687478947.0,-8370.815317757346,37356.19841060923,2839.8007912874473,4.467135087273377e+16
2460907.5,2025-08-20T00:00:00,4.107979327822435e+16,1.7270026757984086e+16,3772048515268430.5,-8574.066135802273,37271.12261654579,2821.2615772398008,4.472171273559043e+16
2460908.5,2025-08-21T00:00:00,4.101503271039417e+16,1.7547933292896536e+16,3793039795806036.5,-8776.312673857228,37184.967477022044,2802.6816445194763,4.4772201442180824e+16
2460909.5,2025-08-22T00:00:00,4.094876614046753e+16,1.7825192691264202e+16,3813892229788520.0,-8977.55116341429,37097.74480693103,2784.062239798587,4.4822814691269e+16
2460910.5,2025-08-23T00:00:00,4.088100110711604e+16,1.8101797027993084e+16,3834605527177902.5,-9177.777975976138,37009.46638248615,2765.4045987313143,4.487355019063842e+16
2460911.5,2025-08-24T00:00:00,4.081174517558049e+16,1.83777384657494e+16,3855179407119075.0,-9376.989621392622,36920.14393981198,2746.709945922078,4.492440565720461e+16
2460912.5,2025-08-25T00:00:00,4.0741005936644296e+16,1.865300925465514e+16,3875613597857222.5,-9575.182746166383,36829.78917357713,2727.979494895369,4.497537881712428e+16
2460913.5,2025-08-26T00:00:00,4.066879100561991e+16,1.892760173197361e+16,3895907836655002.5,-9772.354131776417,36738.41373564553,2709.2144480698475,4.502646740590151e+16
2460914.5,2025-08-27T00:00:00,4.05951080213472e+16,1.9201508321785016e+16,3916061869709567.5,-9968.500692989086,36646.02923377928,2690.415996736475,4.507766916848985e+16
2460915.5,2025-08-28T00:00:00,4.051996464520513e+16,1.9474721534652444e+16,3936075452069393.5,-10163.619476147296,36552.647230376875,2671.585321038382,4.5128981859391784e+16
2460916.5,2025-08-29T00:00:00,4.044336856013556e+16,1.9747233967278772e+16,3955948347551049.0,-10357.707657511955,36458.279241265496,2652.723589960468,4.5180403242754504e+16
2460917.5,2025-08-30T00:00:00,4.036532746968e+16,2.001903830215445e+16,3975680328655821.5,-10550.762541531009,36362.936734490635,2633.831961312589,4.5231931092462664e+16
2460918.5,2025-08-31T00:00:00,4.0285849097028936e+16,2.0290127307196564e+16,3995271176486274.0,-10742.781559150557,36266.631129178684,2614.911581722789,4.528356319222785e+16
2460919.5,2025-09-01T00:00:00,4.020494118408377e+16,2.0560493835379444e+16,4014720680662747.5,-10933.762266129888,36169.373794429266,2595.9635866332683,4.5335297335674904e+16
2460920.5,2025-09-02T00:00:00,4.0122611490531496e+16,2.083013082435721e+16,4034028639239850.5,-11123.702341346472,36071.17604823359,2576.989100297534,4.538713132642526e+16
2460921.5,2025-09-03T00:00:00,4.0038867792931976e+16,2.10990312960783e+16,4053194858622952.0,-11312.599585096512,35972.04915642718,2557.98923577962,4.5439062978177096e+16
2460922.5,2025-09-04T00:00:00,3.995371788381781e+16,2.1367188356392336e+16,4072219153484619.5,-11500.451917401711,35872.00433168116,2538.965094956742,4.5491090114782456e+16
2460923.5,2025-09-05T00:00:00,3.9867169570806936e+16,2.1634595194649628e+16,4091101346681161.5,-11687.257376327654,35771.05273253272,2519.91776852577,4.554321057032154e+16
2460924.5,2025-09-06T00:00:00,3.9779230675727656e+16,2.190124508329357e+16,4109841269169203.0,-11873.01411631039,35669.205462448066,2500.848336012646,4.559542218917387e+16
2460925.5,2025-09-07T00:00:00,3.968990903375621e+16,2.216713137744604e+16,4128438759922321.0,-12057.720406481376,35566.47356891464,2481.75786578348,4.564772282608656e+16
2460926.5,2025-09-08T00:00:00,3.959921249256678e+16,2.243224751448635e+16,4146893665847773.0,-12241.37462898588,35462.868042564216,2462.6474150570252,4.57001103462397e+16
2460927.5,2025-09-09T00:00:00,3.950714891149423e+16,2.2696587013623572e+16,4165205841703373.0,-12423.97527730627,35358.399816333666,2443.5180299200274,4.575258262530899e+16
2460928.5,2025-09-10T00:00:00,3.941372616070899e+16,2.296014347546289e+16,4183375150014439.5,-12605.520954639545,35253.07976467088,2424.370745350559,4.580513754952555e+16
2460929.5,2025-09-11T00:00:00,3.931895212040429e+16,2.3222910581566028e+16,4201401460990954.5,-12786.010372209072,35146.91870274039,2405.20658523456,4.5857773015732824e+16
2460930.5,2025-09-12T00:00:00,3.922283467999587e+16,2.348488209400592e+16,4219284652444842.5,-12965.442347634722,35039.92738569352,2386.026562392247,4.591048693144087e+16
2460931.5,2025-09-13T00:00:00,3.912538173733394e+16,2.3746051854916056e+16,4237024609707468.5,-13143.81580328935,34932.11650795052,2366.8316786033683,4.5963277214878104e+16
2460932.5,2025-09-14T00:00:00,3.902660119792723e+16,2.400641378603451e+16,4254621225547323.0,-13321.129764668149,34823.49670251959,2347.6229246358234,4.601614179504015e+16
2460933.5,2025-09-15T00:00:00,3.892650097417923e+16,2.4265961888243092e+16,4272074400087932.5,-13497.383358763978,34714.078540344184,2328.401280276105,4.60690786117362e+16
2460934.5,2025-09-16T00:00:00,3.8825088984636616e+16,2.4524690241101664e+16,4289384040726005.5,-13672.575812452093,34603.87252968048,2309.167714362155,4.612208561563293e+16
2460935.5,2025-09-17T00:00:00,3.8722373153249544e+16,2.4782593002378004e+16,4306550062049824.0,-13846.706450883406,34492.88911550403,2289.923184818252,4.6175160768295736e+16
2460936.5,2025-09-18T00:00:00,3.8618361408644136e+16,2.503966440757322e+16,4323572385757927.0,-14019.774695886486,34381.13867894425,2270.6686386919023,4.622830204222769e+16
2460937.5,2025-09-19T00:00:00,3.851306168340658e+16,2.529589876944316e+16,4340450940578028.0,-14191.780064378825,34268.631536747096,2251.4050121927107,4.6281507420905816e+16
2460938.5,2025-09-20T00:00:00,3.840648191337925e+16,2.5551290477515876e+16,4357185662186304.0,-14362.72216678775,34155.37794076515,2232.133230733118,4.633477489881528e+16
2460939.5,2025-09-21T00:00:00,3.829863003696857e+16,2.580583399760534e+16,4373776493126915.0,-14532.60070548152,34041.388077474716,2212.854208971089,4.638810248148101e+16
2460940.5,2025-09-22T00:00:00,3.818951399446441e+16,2.6059523871321748e+16,4390223382731911.5,-14701.415473210714,33926.67206751953,2193.568850854522,4.64414881854971e+16
2460941.5,2025-09-23T00:00:00,3.807914172737124e+16,2.6312354715578416e+16,4406526287041443.0,-14869.166351560043,33811.23996528008,2174.2780496673945,4.649493003855403e+16
2460942.5,2025-09-24T00:00:00,3.796752117775068e+16,2.6564321222095612e+16,4422685168724339.5,-15035.85330941084,33695.101758468365,2154.982688077529,4.654842607946353e+16
2460943.5,2025-09-25T00:00:00,3.785466028757565e+16,2.681541815690145e+16,4438699996999023.0,-15201.476401414562,33578.26736774762,2135.683638186002,4.660197435818139e+16
2460944.5,2025-09-26T00:00:00,3.774056699809556e+16,2.7065640359830028e+16,4454570747554855.0,-15366.035766478659,33460.74664637702,2116.3817615781827,4.6655572935828056e+16
2460945.5,2025-09-27T00:00:00,3.7625249249213176e+16,2.731498274401701e+16,4470297402473798.5,-15529.531626262498,33342.5493798793,2097.0779093760907,4.670921988470721e+16
2460946.5,2025-09-28T00:00:00,3.750871497887231e+16,2.7563440295392772e+16,4485879950152519.5,-15691.96428368636,33223.685285732805,2077.772922292338,4.6762913288322216e+16
2460947.5,2025-09-29T00:00:00,3.73909721224568e+16,2.781100807217346e+16,4501318385224890.5,-15853.3341214518,33104.16401308591,2058.4676306853894,4.681665124139062e+16
2460948.5,2025-09-30T00:00:00,3.727202861220041e+16,2.8057681204349816e+16,4516612708484912.0,-16013.641600574496,32983.99514249418,2039.1628546161705,4.6870431849856664e+16
2460949.5,2025-10-01T00:00:00,3.7151892376607656e+16,2.8303454893174292e+16,4531762926810040.0,-16172.887258929444,32863.18818567968,2019.8594039058964,4.6924253230901816e+16
2460950.5,2025-10-02T00:00:00,3.703057133988548e+16,2.8548324410646376e+16,4546769053084992.0,-16331.071709808964,32741.752585311373,2000.5580781952387,4.697811351295353e+16
2460951.5,2025-10-03T00:00:00,3.6908073421385576e+16,2.879228509899628e+16,4561631106125945.0,-16488.195640493137,32619.697714807065,1981.259667004522,4.7032010835691976e+16
2460952.5,2025-10-04T00:00:00,3.678440653505733e+16,2.9035332370167436e+16,4576349110605234.0,-16644.259810833424,32497.032878155762,1961.964949795166,4.70859433500551e+16
2460953.5,2025-10-05T00:00:00,3.6659578588911416e+16,2.9277461705297476e+16,4590923096976498.0,-16799.265051849434,32373.76730976004,1942.6746960321152,4.713990921824187e+16
2460954.5,2025-10-06T00:00:00,3.653359748449364e+16,2.9518668654198388e+16,4605353101400277.0,-16953.212264338785,32249.910174298326,1923.3896652473054,4.719390661371372e+16
2460955.5,2025-10-07T00:00:00,3.640647111636925e+16,2.9758948834835444e+16,4619639165670124.0,-17106.102417500253,32125.47056660623,1904.1106071041424,4.724793372119436e+16
2460956.5,2025-10-08T00:00:00,3.627820737161739e+16,2.999829793280552e+16,4633781337139154.0,-17257.936547570607,32000.45751157673,1884.8382614628433,4.730198873666791e+16
2460957.5,2025-10-09T00:00:00,3.614881412933572e+16,3.02367117008146e+16,4647779668647138.0,-17408.715756474932,31874.879964078576,1865.5733584467107,4.735606986737529e+16
2460958.5,2025-10-10T00:00:00,3.601829926015506e+16,3.0474185958154892e+16,4661634218448045.0,-17558.441210490662,31748.746808892643,1846.3166185091857,4.741017533180928e+16
2460959.5,2025-10-11T00:00:00,3.5886670625763964e+16,3.0710716590181384e+16,4675345050138117.0,-17707.11413892535,31622.066860665735,1827.068752501751,4.7464303359707736e+16
2460960.5,2025-10-12T00:00:00,3.5753936078443004e+16,3.094629954778812e+16,4688912232584458.0,-17854.735832808426,31494.848863881263,1807.8304617424646,4.751845219204535e+16
2460961.5,2025-10-13T00:00:00,3.5620103460609012e+16,3.11809308468845e+16,4702335839854114.0,-18001.307643596858,31367.101492846643,1788.6024380853064,4.757262008102413e+16
2460962.5,2025-10-14T00:00:00,3.5485180604368588e+16,3.1414606567871324e+16,4715615951143664.0,-18146.830981894866,31238.83335169675,1769.3853639901079,4.762680529006204e+16
2460963.5,2025-10-15T00:00:00,3.5349175331081496e+16,3.164732285511708e+16,4728752650709413.0,-18291.30731618767,31110.05297441309,1750.1799125931075,4.768100609378065e+16
2460964.5,2025-10-16T00:00:00,3.521209545093313e+16,3.187907591643429e+16,4741746027797997.0,-18434.738171589528,30980.768824858416,1730.9867477780726,4.773522077799101e+16
2460965.5,2025-10-17T00:00:00,3.507394876251644e+16,3.2109862022556336e+16,4754596176577614.0,-18577.125128605756,30850.989296826087,1711.8065242479718,4.778944763967837e+16
2460966.5,2025-10-18T00:00:00,3.4934743052423084e+16,3.2339677506614616e+16,4767303196069748.0,-18718.469821909195,30720.722714104097,1692.6398875970801,4.784368498698564e+16
2460967.5,2025-10-19T00:00:00,3.4794486094843492e+16,3.25685187636162e+16,4779867190081451.0,-18858.773939130853,30589.977330553083,1673.487474383621,4.78979311391953e+16
2460968.5,2025-10-20T00:00:00,3.4653185651176076e+16,3.2796382249922156e+16,4792288267138158.0,-18998.03921966487,30458.76133019821,1654.3499122027183,4.7952184426710264e+16
2460969.5,2025-10-21T00:00:00,3.4510849469645212e+16,3.3023264482726692e+16,4804566540417039.0,-19136.26745348778,30327.082827334212,1635.2278197598005,4.800644319103348e+16
2460970.5,2025-10-22T00:00:00,3.436748528492797e+16,3.324916203953691e+16,4816702127680929.0,-19273.460479992234,30194.94986664361,1616.1218069443,4.806070578474611e+16
2460971.5,2025-10-23T00:00:00,3.422310081778965e+16,3.347407155765379e+16,4828695151212794.0,-19409.620186834964,30062.370423327287,1597.032474903664,4.811497057148499e+16
2460972.5,2025-10-24T00:00:00,3.4077703774727584e+16,3.369798973365395e+16,4840545737750743.0,-19544.748508799134,29929.352403247587,1577.9604161176496,4.816923592591838e+16
2460973.5,2025-10-25T00:00:00,3.3931301847623664e+16,3.3920913322872636e+16,4852254018423589.0,-19678.847426671244,29795.903643083082,1558.9062144728343,4.8223500233721064e+16
2460974.5,2025-10-26T00:00:00,3.3783902713405052e+16,3.4142839138887864e+16,4863820128687006.0,-19811.918966132103,29662.03191049494,1539.8704453373598,4.827776189154807e+16
2460975.5,2025-10-27T00:00:00,3.363551403371309e+16,3.4363764053005856e+16,4875244208260206.0,-19943.96519666241,29527.74490430458,1520.8536756358126,4.8332019307007464e+16
2460976.5,2025-10-28T00:00:00,3.3486143454580436e+16,3.458368499374791e+16,4886526401063179.0,-20074.98823046242,29393.050254682243,1501.8564639243139,4.8386270898632104e+16
2460977.5,2025-10-29T00:00:00,3.333579860611613e+16,3.4802598946338572e+16,4897666855154528.0,-20204.990221386237,29257.955523345874,1482.8793604656887,4.844051509585029e+16
2460978.5,2025-10-30T00:00:00,3.3184487102198556e+16,3.5020502952195496e+16,4908665722669809.0,-20333.973363890105,29122.46820377027,1463.922907304741,4.8494750338955544e+16
2460979.5,2025-10-31T00:00:00,3.303221654017626e+16,3.5237394108420772e+16,4919523159760492.0,-20461.93989199467,28986.595721407346,1444.9876383436538,4.854897507907536e+16
2460980.5,2025-11-01T00:00:00,3.2878994500576452e+16,3.545326956729399e+16,4930239326533443.0,-20588.892078262743,28850.345433913226,1426.0740794173832,4.860318777813908e+16
2460981.5,2025-11-02T00:00:00,3.272482854682102e+16,3.5668126535767084e+16,4940814386990993.0,-20714.83223278905,28713.724631388126,1407.1827483691184,4.86573869088448e+16
2460982.5,2025-11-03T00:00:00,3.2569726224950096e+16,3.588196227496085e+16,4951248508971562.0,-20839.762702205502,28576.740536623325,1388.3141551257902,4.871157095462544e+16
2460983.5,2025-11-04T00:00:00,3.2413695063352976e+16,3.6094774099663576e+16,4961541864090819.0,-20963.68586870047,28439.400305356936,1369.468801773521,4.876573840961402e+16
2460984.5,2025-11-05T00:00:00,3.2256742572506336e+16,3.630655937783132e+16,4971694627683493.0,-21086.604149051702,28301.711026538378,1350.6471826331222,4.881988777860792e+16
2460985.5,2025-11-06T00:00:00,3.209887624471956e+16,3.651731553009047e+16,4981706978745598.0,-21208.519993672307,28163.679722601733,1331.849784335487,4.88740175770326e+16
2460986.5,2025-11-07T00:00:00,3.1940103553887156e+16,3.672704002924217e+16,4991579099877415.0,-21329.435885671344,28025.313349746764,1313.0770858970038,4.892812633090424e+16
2460987.5,2025-11-08T00:00:00,3.1780431955248196e+16,3.693573039976904e+16,5001311177226837.0,-21449.354339927646,27886.618798227657,1294.3295587948924,4.898221257679197e+16
2460988.5,2025-11-09T00:00:00,3.1619868885152544e+16,3.714338421734389e+16,5010903400433418.0,-21568.277902177477,27747.602892648036,1275.607667042381,4.903627486177906e+16
2460989.5,2025-11-10T00:00:00,3.1458421760833852e+16,3.73499991083409e+16,5020355962572949.0,-21686.209148115177,27608.272392264764,1256.9118672638551,4.909031174342359e+16
2460990.5,2025-11-11T00:00:00,3.1296097980189284e+16,3.755557274934881e+16,5029669060102528.0,-21803.150682506694,27468.633991297716,1238.2426087698034,4.91443217897184e+16
2460991.5,2025-11-12T00:00:00,3.113290492156573e+16,3.776010286668672e+16,5038842892806298.0,-21919.10513831694,27328.69431924736,1219.6003336317453,4.919830357905035e+16
2460992.5,2025-11-13T00:00:00,3.0968849943552508e+16,3.796358723592214e+16,5047877663741626.0,-22034.07517584949,27188.45994121502,1200.9854767565992,4.9252255700159e+16
2460993.5,2025-11-14T00:00:00,3.080394038478052e+16,3.8166023681391464e+16,5056773579185977.0,-22148.063481901703,27047.93735823347,1182.3984659613905,4.930617675209466e+16
2460994.5,2025-11-15T00:00:00,3.06381835637275e+16,3.8367410075722744e+16,5065530848584176.0,-22261.072768924667,26907.1330075931,1163.8397220461306,4.936006534417566e+16
2460995.5,2025-11-16T00:00:00,3.047158677852966e+16,3.856774433936164e+16,5074149684496372.0,-22373.105774211846,26766.05326320577,1145.309658870435,4.941392009594563e+16
2460996.5,2025-11-17T00:00:00,3.030415730679922e+16,3.876702444009895e+16,5082630302546476.0,-22484.165259086752,26624.70443590075,1126.8086834225248,4.946773963712942e+16
2460997.5,2025-11-18T00:00:00,3.013590240544803e+16,3.8965248392601416e+16,5090972921371119.0,-22594.25400810281,26483.09277381493,1108.337195895168,4.952152260758901e+16
2460998.5,2025-11-19T00:00:00,2.9966829310517068e+16,3.9162414257944936e+16,5099177762569229.0,-22703.37482827106,26341.224462740807,1089.8955897587032,4.957526765727881e+16
2460999.5,2025-11-20T00:00:00,2.9796945237011664e+16,3.935852014315042e+16,5107245050652106.0,-22811.53054828393,26199.105626463548,1071.4842518309401,4.962897344620035e+16
2461000.5,2025-11-21T00:00:00,2.9626257378742464e+16,3.955356420072231e+16,5115175012994015.0,-22918.724017784432,26056.742327118693,1053.103562351104,4.968263864435657e+16
2461001.5,2025-11-22T00:00:00,2.9454772908171856e+16,3.974754462818973e+16,5122967879783365.0,-23024.95810658139,25914.14056558054,1034.7538950495446,4.973626193170533e+16
2461002.5,2025-11-23T00:00:00,2.928249897626613e+16,3.994045966765052e+16,5130623883974378.0,-23130.23570395973,25771.3062818234,1016.435617222313,4.978984199811296e+16
2461003.5,2025-11-24T00:00:00,2.910944271235271e+16,4.01323076053181e+16,5138143261239335.0,-23234.559717950142,25628.245355299194,998.1490898017789,4.984337754330696e+16
2461004.5,2025-11-25T00:00:00,2.8935611223982956e+16,4.0323086771071016e+16,5145526249921336.0,-23337.933074625613,25484.963605304416,979.8946674273368,4.989686727682851e+16
2461005.5,2025-11-26T00:00:00,2.8761011596800028e+16,4.051279553800522e+16,5152773090987566.0,-23440.35871740454,25341.466791362403,961.6726985165274,4.995030991798436e+16
2461006.5,2025-11-27T00:00:00,2.8585650894411936e+16,4.070143232198949e+16,5159884027983149.0,-23541.839606369907,25197.760613627943,943.483525338016,5.0003704195798536e+16
2461007.5,2025-11-28T00:00:00,2.840953615826971e+16,4.088899558122367e+16,5166859306985510.0,-23642.378717606975,25053.85071329464,925.3274840850338,5.005704884896378e+16
2461008.5,2025-11-29T00:00:00,2.823267440755032e+16,4.1075483815799976e+16,5173699176559272.0,-23741.97904253292,24909.742672935365,907.2049049411552,5.011034262579256e+16
2461009.5,2025-11-30T00:00:00,2.8055072639044804e+16,4.126089556726671e+16,5180403887711649.0,-23840.643587244092,24765.44201695406,889.116112155231,5.016358428416762e+16
2461010.5,2025-12-01T00:00:00,2.7876737827050916e+16,4.144522941819587e+16,5186973693848452.0,-23938.375371884493,24620.954211960736,871.0614241104785,5.021677259149274e+16
2461011.5,2025-12-02T00:00:00,2.7697676923270724e+16,4.1628483991752936e+16,5193408850730511.0,-24035.17743001407,24476.284667179698,853.0411533946311,5.0269906324642776e+16
2461012.5,2025-12-03T00:00:00,2.751789685671278e+16,4.181065795127013e+16,5199709616430710.0,-24131.05280798382,24331.43873485373,835.0556068688388,5.0322984269913816e+16
2461013.5,2025-12-04T00:00:00,2.7337404533598864e+16,4.199174999982251e+16,5205876251291467.0,-24226.004564336752,24186.421710651313,817.1050857375412,5.037600522297283e+16
2461014.5,2025-12-05T00:00:00,2.715620683727518e+16,4.2171758879807256e+16,5211909017882795.0,-24320.03576920776,24041.238834073014,799.1898856165881,5.04289679888074e+16
2461015.5,2025-12-06T00:00:00,2.697431062812812e+16,4.235068337252575e+16,5217808180960806.0,-24413.149503734927,23895.895288860087,781.3102966010331,5.0481871381674984e+16
2461016.5,2025-12-07T00:00:00,2.67917227435042e+16,4.252852229776898e+16,5223574007426775.0,-24505.34885948448,23750.396203405235,763.4666033327753,5.053471422505225e+16
2461017.5,2025-12-08T00:00:00,2.6608449997634344e+16,4.270527451340589e+16,5229206766286661.0,-24596.636937887273,23604.746651163863,745.6590850677754,5.058749535158407e+16
2461018.5,2025-12-09T00:00:00,2.6424499181562356e+16,4.288093891497479e+16,5234706728611176.0,-24687.016849684824,23458.95165106609,727.8880157426978,5.064021360303249e+16
2461019.5,2025-12-10T00:00:00,2.623987706307738e+16,4.305551443527788e+16,5240074167496285.0,-24776.49171438376,23313.01616792987,710.1536640409449,5.069286783022537e+16
2461020.5,2025-12-11T00:00:00,2.6054590386650564e+16,4.322900004397881e+16,5245309358024292.0,-24865.06465972011,23166.94511287516,692.4562934581985,5.074545689300512e+16
2461021.5,2025-12-12T00:00:00,2.5868645873375536e+16,4.340139474720343e+16,5250412577225310.0,-24952.738821134844,23020.743343739206,674.7961623676455,5.079797966017716e+16
2461022.5,2025-12-13T00:00:00,2.5682050220912812e+16,4.357269758714356e+16,5255384104039268.0,-25039.517341261875,22874.415665491895,657.1735240849425,5.08504350094583e+16
2461023.5,2025-12-14T00:00:00,2.5494810103437996e+16,4.374290764166391e+16,5260224219278436.0,-25125.403369424985,22727.966830651287,639.5886269325937,5.090282182742511e+16
2461024.5,2025-12-15T00:00:00,2.530693217159372e+16,4.391202402391204e+16,5264933205590337.0,-25210.400061135253,22581.401539700695,622.0417143031034,5.095513900946205e+16
2461025.5,2025-12-16T00:00:00,2.5118423052445236e+16,4.408004588193155e+16,5269511347421215.0,-25294.51057761339,22434.724441505692,604.5330247230627,5.10073854597097e+16
2461026.5,2025-12-17T00:00:00,2.4929289349439604e+16,4.424697239827824e+16,5273958930979955.0,-25377.738085309094,22287.940133730626,587.0627919155459,5.105956009101275e+16
2461027.5,2025-12-18T00:00:00,2.473953764236839e+16,4.4412802789639464e+16,5278276244202415.0,-25460.085755435266,22141.05316325616,569.6312448626014,5.111166182486812e+16
2461028.5,2025-12-19T00:00:00,2.454917448733386e+16,4.457753630645666e+16,5282463576716322.0,-25541.55676351003,21994.06802659634,552.2386078671148,5.11636895913729e+16
2461029.5,2025-12-20T00:00:00,2.435820641671844e+16,4.47411722325508e+16,5286521219806487.0,-25622.15428890749,21846.98917031527,534.8851006141426,5.121564232917227e+16
2461030.5,2025-12-21T00:00:00,2.4166639939157676e+16,4.490370988475123e+16,5290449466380676.0,-25701.88151441788,21699.820991444813,517.5709382318349,5.126751898540755e+16
2461031.5,2025-12-22T00:00:00,2.397448153951631e+16,4.506514861252726e+16,5294248610935727.0,-25780.74162581609,21552.567837900482,500.29633135176755,5.131931851566397e+16
2461032.5,2025-12-23T00:00:00,2.3781737678867532e+16,4.522548779762331e+16,5297918949524237.0,-25858.737811439092,21405.23400889758,483.0614861687859,5.137103988391875e+16
2461033.5,2025-12-24T00:00:00,2.358841479447553e+16,4.538472685369669e+16,5301460779721676.0,-25935.873261771176,21257.823755366906,465.8666045003241,5.142268206248889e+16
2461034.5,2025-12-25T00:00:00,2.339451929978082e+16,4.554286522595884e+16,5304874400593906.0,-26012.151169039073,21110.341280370187,448.71188384532957,5.147424403197918e+16
2461035.5,2025-12-26T00:00:00,2.3200057584388864e+16,4.5699902390819576e+16,5308160112665178.0,-26087.574726813862,20962.790739514054,431.59751744250053,5.152572478123026e+16
2461036.5,2025-12-27T00:00:00,2.3005036014061436e+16,4.58558378555342e+16,5311318217886545.0,-26162.14712962175,20815.176241363602,414.52369432807666,5.1577123307266376e+16
2461037.5,2025-12-28T00:00:00,2.2809460930710896e+16,4.6010671157854056e+16,5314349019604678.0,-26235.87157256265,20667.50184785553,397.4905993931166,5.162843861524366e+16
2461038.5,2025-12-29T00:00:00,2.261333865239736e+16,4.61644018656799e+16,5317252822531204.0,-26308.751250937552,20519.771574709717,380.49841344030256,5.167966971839811e+16
2461039.5,2025-12-30T00:00:00,2.24166754733285e+16,4.63170295767185e+16,5320029932712305.0,-26380.78935988257,20371.989391840336,363.54731324012,5.173081563799374e+16
2461040.5,2025-12-31T00:00:00,2.2219477663862212e+16,4.646855391814213e+16,5322680657498883.0,-26451.989094011442,20224.159223765397,346.6374715865682,5.178187540327085e+16
